duration,energy,power,min_pitch,max_pitch,mean_pitch,pitch_sd,pitch_abs,pitch_quant,pitchUvsVRatio,Time:8,iDifference,diffPitchMaxMin,diffPitchMaxMean,diffPitchMaxMode,intensityMin,intensityMax,intensityMean,intensitySD,intensityQuant,diffIntMaxMin,diffIntMaxMean,diffIntMaxMode,avgVal1,avgVal2,avgVal3,avgBand1,avgBand2,avgBand3,fmean1,fmean2,fmean3,f2meanf1,f3meanf1,f1STD,f2STD,f3STD,f2STDf1,f2STDf2,jitter,shimmer,jitterRap,meanPeriod,percentUnvoiced,numVoiceBreaks,PercentBreaks,speakRate,numPause,maxDurPause,avgDurPause,TotDurPause:3,iInterval,MaxRising:3,MaxFalling:3,AvgTotRis:3,AvgTotFall:3,numRising,numFall
51.952125,0.015331299,0.000295104,75.23265683,396.6356135,127.989222,27.82152773,217.6286919,119.690367,0.77382986,51.9260625,3.96912467,321.4029567,268.6463915,276.9452464,35.14692268,72.86780605,58.68428471,7.887425782,54.27302934,37.72088337,14.18352134,18.59477671,626.4717481,1812.870522,2726.754872,369.5137572,460.5545848,490.5475475,626.4717481,1812.870522,2726.754872,2.893778575,4.352558404,287.8392773,376.6852455,397.9726952,1.308665201,1.382621229,0.02312,0.17719,0.01236,0.007842754,0.38001,136,0.42117,0.000341647,55,1.290666667,0.494,27.176,138,274.562,257.247,25.872,20.106,91,4722.964842
38.6773125,0.01518509,0.00039261,75.16552661,397.6130408,131.0674897,26.45285252,195.8522456,124.8205828,0.717333333,38.65115625,35.8489847,322.4475142,266.5455511,272.7924581,36.60193736,73.18680046,59.92628026,8.233813244,55.64922948,36.5848631,13.2605202,17.53757098,613.3168173,1809.325807,2705.608985,358.067588,444.2724674,496.4023416,613.3168173,1809.325807,2705.608985,2.950067168,4.411437789,277.2131547,382.5685185,388.22701,1.380051819,1.400463879,0.02209,0.18462,0.01195,0.007663894,0.36594,97,0.38674,0.000444444,40,1.866666667,0.522,20.875,100,268.613,270.193,24.647,15.886,71,2928.482587
43.59389583,0.014680489,0.000336756,71.0347609,395.9306884,127.7390864,26.0063298,189.4417365,120.4578475,1.068376068,43.56882292,74.9294232,324.8959275,268.1916019,275.4728408,36.92789191,75.15532045,59.25869016,8.469902007,54.49842314,38.22742854,15.89663029,20.65689731,651.605273,1817.708699,2741.275077,412.4970406,480.24767,524.4368462,651.605273,1817.708699,2741.275077,2.78958562,4.20695656,290.2500033,397.2065781,402.3550666,1.3684981,1.386236217,0.02201,0.16783,0.01187,0.007862214,0.4534,112,0.43099,0.000474834,44,2.624,0.505,22.229,114,283.912,203.506,23.72,16.951,79,3528.44899
23.4358125,0.008920152,0.000380621,74.93867316,248.7337379,129.563914,19.33432747,103.0246401,124.4738515,1.121486854,23.40853125,80.772592,173.7950647,119.1698239,124.2598864,37.05538196,72.41651558,59.79571697,9.313019624,52.22961568,35.36113362,12.6207986,20.1868999,701.8537644,1843.846315,2775.79948,490.418838,465.1882722,532.2699038,701.8537644,1843.846315,2775.79948,2.627108963,3.954954181,334.5354091,410.4802294,394.6665466,1.22701579,1.179745211,0.02338,0.16456,0.01257,0.007713983,0.47179,55,0.46003,0.000906618,24,2.933333333,0.507,12.171,55,100.655,83.172,13.148,5.044,36,1924.546685
13.27483333,0.003431761,0.000258516,93.94985377,263.6691876,130.178482,26.59548311,174.9346012,120.2724796,1.078492936,13.24679167,51.0092066,169.7193339,133.4907057,143.3967081,36.35803817,69.97028673,58.12322395,8.342690557,52.02260413,33.61224856,11.84706278,17.9476826,681.2111626,1836.203738,2810.800837,460.3199691,521.6712879,531.5153626,681.2111626,1836.203738,2810.800837,2.695498605,4.126181412,332.9875643,422.0438121,383.323037,1.267446167,1.151163221,0.02617,0.18581,0.01419,0.007702425,0.44335,32,0.46576,0.001569859,12,2.848,0.628,7.541,32,129.591,117.119,14.706,11.073,19,1322.366516
61.73602083,0.020426769,0.000330873,73.87108468,399.8327432,125.3570865,64.49903621,315.1599337,95.83182289,1.976362759,61.70863542,6.972889387,325.9616585,274.4756567,304.0009203,33.83039969,73.49818202,59.18037357,8.3016863,53.80264568,39.66778232,14.31780844,19.69553633,692.5224036,1868.777256,2968.456839,487.5631194,657.1825525,652.3239677,692.5224036,1868.777256,2968.456839,2.698508014,4.286441598,355.6374322,472.4394935,443.9733032,1.328430167,1.248387439,0.03693,0.20373,0.01894,0.008133868,0.55689,171,0.63073,0.000482393,50,3.296,0.782,39.115,182,307.35,308.024,41.655,38.96,95,8725.431952
67.12239583,0.022777823,0.000339348,73.40541041,422.6505564,133.011498,68.80715046,377.0653813,97.83419241,1.807112971,67.09557292,173.7737819,349.245146,289.6390585,324.816364,35.34346336,73.75258782,59.28988437,7.596249555,55.0561849,38.40912446,14.46270344,18.69640291,638.3009349,1864.052987,0,463.7908767,590.4682152,0,638.3009349,1864.052987,2935.976519,2.920335667,4.599674477,344.1207759,432.1426554,413.1316272,1.255787751,1.200542531,0.03925,0.20677,0.02053,0.007605498,0.50425,216,0.64175,0.00041841,63,2.709333333,0.64,40.345,236,311.776,311.697,41.288,39.407,120,11627.0839
133.00175,0.054273313,0.000408065,57.56073433,398.9286738,126.889741,66.89670892,342.3140644,96.02491694,1.880008664,132.975875,16.320402,341.3679395,272.0389328,302.9037569,35.53823744,78.00457646,60.08887347,8.231649276,55.06536018,42.46633902,17.91570299,22.93921628,657.5356577,1811.096646,2913.605914,456.293527,621.9200532,638.1642274,657.5356577,1811.096646,2913.605914,2.754370238,4.431099485,322.35827,463.5696418,419.5145391,1.438057233,1.301392203,0.03939,0.19782,0.02108,0.00797876,0.52478,387,0.6667,0.000216591,126,3.253333333,0.671,84.581,417,304.36,299.641,42.705,39.798,218,19927.98604
110.2132917,0.032555753,0.000295389,75.25454354,386.0333983,139.2675211,66.06025315,247.9190635,101.6571049,2.967590925,110.1878958,19.39231353,310.7788548,246.7658772,284.3762934,33.32736084,76.18993512,58.67734851,9.140214062,50.03911397,42.86257428,17.51258661,26.15082115,764.746645,1929.339232,3008.878463,552.5819988,684.9921616,712.310671,764.746645,1929.339232,3008.878463,2.522847593,3.934477493,380.5998679,482.9099641,434.0351112,1.268812748,1.14039743,0.03829,0.20046,0.02011,0.007278909,0.64894,253,0.74793,0.000360101,78,9.781333333,1.061,82.792,262,295.974,258.743,39.14,35.916,142,12024.0862
73.75175,0.021057822,0.000285523,72.58915359,394.5949305,119.2113652,56.38183,212.2803378,96.50300221,2.264836138,73.725875,1.06090458,322.0057769,275.3835653,298.0919283,34.73692517,75.53269999,58.53996826,8.48914278,53.09539284,40.79577482,16.99273173,22.43730715,709.4016313,1837.804667,2961.085899,495.3491428,641.9825544,665.8623799,709.4016313,1837.804667,2961.085899,2.590640599,4.174061305,354.0617749,470.0118987,422.0072311,1.327485575,1.191902829,0.03675,0.19811,0.01984,0.008454958,0.58831,191,0.69658,0.00044287,73,2.656,0.635,46.375,195,295.705,285.646,28.344,27.23,104,9126.709046
15.62097917,0.000905552,5.80E-05,78.97259519,250.5216651,124.4083675,24.92907108,146.5985228,115.2092051,1.344360902,15.59486458,65.37184539,171.5490699,126.1132976,135.3124599,36.48374906,65.893017,51.62891274,6.55867929,47.0450649,29.40926794,14.26410426,18.8479521,695.3923677,1851.22673,2890.907002,506.4979639,643.9159523,648.7954361,695.3923677,1851.22673,2890.907002,2.662132655,4.157231423,322.1387364,414.8702931,387.3960734,1.287862173,1.202575256,0.01829,0.1689,0.00904,0.008044671,0.47338,35,0.54156,0.001503759,16,2.048,0.543,8.693,34,123.475,127.443,21.766,20.187,22,1213.293457
58.05408333,0.005526906,9.52E-05,75.33383959,381.7888061,129.8318086,38.90443762,226.7398711,116.9478252,1.21873805,58.02704167,85.91282101,306.4549666,251.9569975,264.840981,34.63795875,66.38899508,53.77120778,7.00071922,49.82806005,31.75103632,12.61778729,16.56093502,667.0965652,1814.571272,2868.379064,439.2840541,642.7805667,592.5633018,667.0965652,1814.571272,2868.379064,2.720102856,4.299795882,311.9895789,412.2565754,387.7434961,1.321379313,1.242809127,0.02415,0.18426,0.01301,0.007742999,0.47432,162,0.53805,0.000382409,52,1.770666667,0.503,26.155,166,270.674,266.106,27.661,19.374,108,5816.070694
79.50377083,0.010345851,0.00013013,67.12044971,393.4082514,145.8795206,52.29660129,344.9777805,126.8743654,1.351879254,79.47688542,100.5499003,326.2878016,247.5287308,266.533886,35.51815751,69.70973713,55.12697693,7.241345978,50.79306172,34.19157962,14.5827602,18.9166754,673.6733798,1796.154119,2888.198188,435.8070722,622.7740936,597.0022918,673.6733798,1796.154119,2888.198188,2.666209134,4.287238111,316.3087222,435.1470677,397.1067532,1.375703663,1.255440414,0.02785,0.19054,0.01441,0.006891343,0.47062,264,0.55031,0.000295946,74,3.146666667,0.53,39.2,277,294.4,273.161,36.235,30.238,165,11219.74799
55.95572917,0.009532921,0.000170365,75.31173401,396.1826816,147.1380239,60.96543572,343.915902,124.7017313,1.546448087,55.92786458,18.76836253,320.8709476,249.0446577,271.4809503,34.74138424,72.75563945,56.29842981,8.617566291,50.12663341,38.0142552,16.45720964,22.62900604,721.0400787,1888.217672,2938.723915,472.1276169,604.7066295,583.2031679,721.0400787,1888.217672,2938.723915,2.618741632,4.075673465,349.7967504,416.6922727,373.7629494,1.19124112,1.068514642,0.02837,0.19002,0.01455,0.006863588,0.53505,153,0.4887,0.000455373,48,5.493333333,0.655,31.456,162,250.746,280.988,37.954,30.894,100,6219.169727
29.8430625,0.004699321,0.000157468,77.49727974,374.0840546,139.3030245,42.83093552,301.5247177,124.8610763,1.191911765,29.81528125,36.77484952,296.5867749,234.7810302,249.2229784,36.05576604,67.41506628,55.93984654,7.435158162,51.97432576,31.35930024,11.47521974,15.44074052,669.1592866,1783.796195,2882.311371,404.1714339,556.1009244,558.0392629,669.1592866,1783.796195,2882.311371,2.665727325,4.307362132,317.9458417,411.2799429,402.8720253,1.293553458,1.267108962,0.02626,0.18564,0.014,0.007209055,0.46293,95,0.55906,0.000735294,34,1.76,0.466,15.829,97,245.531,241.167,35.961,28.775,63,3419.282125
25.83589583,0.001100027,4.26E-05,74.22052838,321.8512697,120.0960221,27.14143311,148.7234403,113.8245049,1.632653061,25.80857292,2.925067422,247.6307413,201.7552476,208.0267649,36.05060282,63.90155211,50.28191506,5.186265267,46.990155,27.85094929,13.61963705,16.91139711,748.4304097,1923.458354,2962.307328,541.4092794,760.5990949,662.1493304,748.4304097,1923.458354,2962.307328,2.56998958,3.95802641,373.3514442,479.879736,414.1581635,1.285329797,1.10929841,0.03137,0.19739,0.01759,0.008391842,0.54496,62,0.51276,0.001020408,17,1.888,0.738,12.539,68,149.736,190.414,13.864,13.631,40,2810.923577
40.27833333,0.004205606,0.000104414,75.02995826,332.3512259,122.7655513,29.59543441,155.3460777,114.7026212,1.134748011,40.25166667,14.82653014,257.3212677,209.5856747,217.6486048,36.46092057,67.54614315,54.17449621,6.77354123,50.36856893,31.08522257,13.37164693,17.17757422,737.6086647,1936.138886,2930.178757,472.3446808,739.6732957,621.680013,737.6086647,1936.138886,2930.178757,2.624886311,3.972538416,386.6708347,465.0429605,407.8757672,1.202684348,1.054839752,0.02164,0.18059,0.01179,0.008202001,0.47714,90,0.5149,0.000530504,39,1.578666667,0.555,21.664,96,219.788,162.875,19.649,13.095,65,3118.162128
34.98279167,0.003338595,9.54E-05,75.89062206,291.938901,124.5620201,26.60146064,156.4657834,115.3419355,1.177570093,34.95702083,88.8121496,216.0482789,167.3768809,176.5969655,36.18765783,67.46264335,53.78486788,6.929393668,49.48166079,31.27498552,13.67777547,17.98098256,731.9349816,1892.320517,2939.081934,466.7028375,765.6150087,624.9959661,731.9349816,1892.320517,2939.081934,2.585366959,4.015495922,367.305523,492.4532636,387.8940711,1.340718374,1.056052923,0.02494,0.18117,0.01361,0.008054976,0.47067,81,0.48019,0.000623053,30,1.482666667,0.589,17.664,82,141.499,164.171,19.324,15.093,52,3016.0901
33.69902083,0.002273887,6.75E-05,74.12869047,337.8969146,124.9450595,34.71621713,199.3910607,114.4871868,1.291354663,33.67138542,22.55539808,263.7682241,212.9518551,223.4097278,35.6680606,66.77333083,52.27659959,6.005236409,48.8718824,31.10527022,14.49673124,17.90144843,705.602587,1871.831786,2919.509611,448.5979595,732.1549662,639.4871373,705.602587,1871.831786,2919.509611,2.652813099,4.137611829,348.3552099,478.5167244,390.742867,1.373645954,1.121679412,0.02481,0.19551,0.01328,0.008027781,0.49584,95,0.56253,0.000680735,28,2.24,0.59,16.512,92,225.244,220.713,24.902,22.624,60,3214.689208
19.41704167,0.000840396,4.33E-05,97.06084635,271.2660707,120.4358614,24.69716796,154.5690186,114.7808784,1.395550062,19.38977083,10.30744648,174.2052244,150.8302093,156.4851924,36.19003872,62.59218184,50.35575056,5.837778853,47.63719661,26.40214312,12.23643128,14.95498523,755.2885565,1953.363758,2971.59846,494.9095812,756.8240541,664.7306219,755.2885565,1953.363758,2971.59846,2.586248317,3.9343883,364.6087964,471.2242921,392.8379653,1.292410652,1.07742317,0.02196,0.20109,0.0116,0.008328249,0.52012,45,0.48543,0.001236094,15,0.896,0.516,7.744,47,142.675,156.702,20.787,18.029,28,1913.224874
106.5741042,0.003998461,3.75E-05,72.60968081,337.7340222,105.792771,21.77508269,101.6483512,99.92278784,1.187230548,106.5464271,10.31515947,265.1243414,231.9412513,237.8112344,35.77078156,65.4360214,49.70351964,5.075782134,46.72256882,29.66523984,15.73250176,18.71345259,702.89219,1877.920444,2950.685062,508.1040731,774.8976582,653.2307964,702.89219,1877.920444,2950.685062,2.671704809,4.197919828,333.1369681,457.5480403,392.5596951,1.373453216,1.17837326,0.01641,0.17965,0.00854,0.00947686,0.47578,266,0.54329,0.000205297,103,2.19371875,0.545,56.114,266,241.593,246.137,12.644,9.962,161,10511.70143
77.92514583,0.002703989,3.47E-05,73.93731676,392.4919357,108.1866346,22.89881391,121.5263354,100.9789407,1.204641947,77.90007292,72.84100941,318.5546189,284.3053011,291.5129949,36.03478007,65.4619538,49.38743341,4.961727724,46.45602594,29.42717372,16.07452039,19.00592786,707.778381,1906.952207,2945.516659,512.1140098,751.0081253,648.6223033,707.778381,1906.952207,2945.516659,2.694278687,4.161636944,336.3742393,423.1535681,370.7127282,1.257984467,1.102084182,0.0198,0.19498,0.01024,0.009253753,0.4939,208,0.53685,0.000283046,84,2.24,0.493,41.373,209,293.033,282.963,13.549,11.435,120,8912.679625
124.9094375,0.004869469,3.90E-05,74.04364857,308.2931971,105.1173324,20.7027476,108.1361399,99.6548363,1.118595182,124.8828438,7.592655965,234.2495485,203.1758647,208.6383608,35.97290748,64.25868557,49.8914902,5.194183507,46.66536272,28.28577809,14.36719537,17.59332285,696.9028377,1892.056717,2963.460869,483.6003684,755.0661,637.4203093,696.9028377,1892.056717,2963.460869,2.714950513,4.252330037,321.6564303,432.359107,369.7331069,1.344164351,1.149465927,0.01813,0.18954,0.0095,0.009528551,0.47513,352,0.53439,0.000169664,129,2.336,0.526,67.899,353,207.741,191.033,11.854,9.59,229,12412.42433
40.8725,0.001933472,4.73E-05,73.57277646,392.5451067,109.3951531,22.82066962,138.2741977,102.5007724,1.074149314,40.845625,85.79311218,318.9723302,283.1499535,290.0443343,36.1084595,65.61432472,50.73550951,5.230320844,47.84735726,29.50586522,14.87881521,17.76696747,699.3361801,1896.469332,2966.18482,481.9915171,758.201482,624.5690359,699.3361801,1896.469332,2966.18482,2.711813553,4.241429093,339.4338707,441.8814748,367.3294413,1.301819037,1.082182637,0.01939,0.19617,0.01008,0.009126685,0.46376,97,0.49514,0.000507872,37,1.365333333,0.523,19.339,98,277.226,271.049,17.457,13.708,67,3114.075614
58.443875,0.00251917,4.31E-05,73.14529434,345.0063906,110.7513094,28.61357143,153.2203057,103.0571366,1.2125,58.4188125,25.12637904,271.8610962,234.2550812,241.9492539,35.9727601,63.35507,50.32723541,5.321177795,46.94925561,27.3823099,13.02783459,16.40581439,697.4113696,1907.260125,2964.832473,493.9865138,742.6248222,638.5821787,697.4113696,1907.260125,2964.832473,2.734770622,4.25119607,328.4860106,418.2716221,357.7533617,1.273331614,1.089097709,0.02171,0.19464,0.01135,0.009039051,0.48519,173,0.56469,0.000378788,56,1.520604167,0.544,30.491,172,239.48,248.995,17.646,16.297,108,6412.249548
11.010625,0.000527846,4.79E-05,75.0335309,298.942896,128.624513,41.68431242,165.0643,113.163874,1.413186813,10.9834375,2.71261823,223.9093651,170.3183829,185.7790219,35.63492597,64.43425271,50.80863032,6.133522525,47.81878737,28.79932674,13.62562239,16.61546533,775.7933328,1947.452291,2894.770978,499.3603477,630.5106384,665.6241081,775.7933328,1947.452291,2894.770978,2.510272013,3.731368723,343.5229899,409.2275466,387.906918,1.19126684,1.129202206,0.01831,0.17085,0.00973,0.007799098,0.50364,27,0.43465,0.002197802,6,1.024,0.526,3.157,29,173.106,173.04,18.576,16.081,18,1112.342745
35.66489583,0.00324186,9.09E-05,72.15246697,289.3548357,123.8467368,36.27694967,218.8613277,111.4070611,1.081191589,35.63869792,57.70209711,217.2023687,165.5080989,177.9477746,35.38299083,66.06388326,53.57252655,6.4543849,50.39174324,30.68089243,12.49135671,15.67214002,704.0512056,1882.833619,2882.038527,455.6486122,604.8575793,647.8003147,704.0512056,1882.833619,2882.038527,2.674285057,4.093506983,345.7795299,449.2883056,419.731245,1.299349056,1.213869558,0.02476,0.1897,0.0134,0.008102463,0.45046,109,0.49891,0.000584112,36,1.354666667,0.435,15.678,113,186.586,183.245,25.715,17.141,80,3317.236153
65.82445833,0.007072926,0.000107451,75.03404852,329.9123922,112.7430001,26.5416537,156.0088541,106.7886026,1.15,65.79660417,0.933049686,254.8783436,217.1693921,223.1237895,34.89266442,67.61096167,54.29596034,6.855512904,51.15873216,32.71829725,13.31500133,16.4522295,719.8590961,1860.828201,2889.421938,482.5256484,600.5790303,631.4978864,719.8590961,1860.828201,2889.421938,2.584989495,4.01387154,348.7758495,458.7386683,418.9625882,1.315282205,1.201237382,0.02214,0.1806,0.01193,0.008913548,0.46709,182,0.52759,0.000326797,59,1.706666667,0.488,28.774,182,225.029,205.6,17.032,15.161,120,6217.730265
71.8085,0.010174937,0.000141695,87.6544104,333.9975079,115.3274585,28.56831422,120.1695907,107.9802866,2.035956007,71.782375,118.5841464,246.3430975,218.6700494,226.0172213,35.92740783,75.47813184,55.4962688,7.243415159,52.35079025,39.550724,19.98186303,23.12734159,723.3221811,1835.654796,2841.279261,454.7241213,606.1592085,592.7349772,723.3221811,1835.654796,2841.279261,2.537810735,3.928096408,323.8485489,435.7378825,411.6187852,1.34549895,1.271022478,0.01673,0.1782,0.00861,0.008680089,0.56932,197,0.58492,0.000423012,59,2.570666667,0.557,32.853,212,224.33,223.281,14.501,11.557,125,8720.885262
55.53191667,0.007049755,0.00012695,77.80088505,316.8075594,117.8461328,31.85958687,180.3499814,108.1814725,1.246054229,55.50658333,23.94283283,239.0066744,198.9614266,208.626087,35.83910651,67.0715537,55.02103411,7.648299354,51.04060423,31.23244719,12.05051958,16.03094947,740.086624,1891.780153,2874.693673,457.2240167,601.7740229,589.9196092,740.086624,1891.780153,2874.693673,2.556160443,3.884266489,342.3885332,449.7853028,406.3321137,1.313669294,1.186757365,0.01958,0.18605,0.01042,0.008541307,0.49171,141,0.52953,0.000404694,45,3.072,0.574,25.829,142,192.152,187.973,23.298,18.412,91,5117.965362
30.6313125,0.007451732,0.000243272,76.36053671,331.2890733,117.1551542,44.62799085,262.4253451,104.4180211,1.34123948,30.60628125,114.4655131,254.9285366,214.133919,226.8710522,36.12059555,72.78129606,57.84986393,8.860535911,53.21299126,36.66070051,14.93143213,19.5683048,672.7430994,1844.018289,2891.477941,433.5667476,665.0729689,631.5285666,672.7430994,1844.018289,2891.477941,2.741043782,4.298041769,370.1356605,459.9594079,387.8389329,1.242677907,1.047829146,0.02428,0.1769,0.01207,0.008667819,0.48529,81,0.52222,0.000765111,23,1.92,0.69,15.872,88,221.97,200.271,32.694,30.955,51,3719.957439
83.4633125,0.025918062,0.000310532,74.05324728,359.4158953,123.6272571,51.56541098,283.1464825,105.1900809,1.311720698,83.43790625,57.00519508,285.362648,235.7886382,254.2258144,35.85365508,72.99061928,58.9043323,9.111283334,53.44255086,37.1369642,14.08628697,19.54806842,676.5060843,1822.533873,2898.744489,420.5858555,685.4904596,607.9654003,676.5060843,1822.533873,2898.744489,2.694039146,4.28487571,376.8299585,498.8097906,392.6026889,1.323699933,1.04185636,0.02642,0.18588,0.01385,0.008154297,0.4846,216,0.55712,0.000277085,71,2.805333333,0.661,46.896,228,263.459,216.004,36.265,32.646,131,9723.398655
84.86841667,0.031966047,0.000376654,72.04152422,391.8522309,124.1936124,49.65593722,281.1289417,107.5745605,1.361636971,84.84045833,0.313182986,319.8107067,267.6586185,284.2776703,34.96980492,75.48875083,59.74244302,9.32720301,53.3741092,40.51894591,15.74630782,22.11464164,655.657589,1795.833906,2923.161507,415.0336405,677.3640369,665.0980207,655.657589,1795.833906,2923.161507,2.738981346,4.458366008,360.3251247,493.4828366,395.5685401,1.369548785,1.097810041,0.02682,0.18743,0.01364,0.008133136,0.50772,218,0.575,0.000278396,80,2.165333333,0.636,50.92,238,274.754,275.984,37.092,31.819,129,10924.93943
50.30279167,0.012345259,0.000245419,71.91074755,371.9087111,130.6971641,53.34461584,304.6974658,108.5444941,1.5135,50.27639583,32.03722687,299.9979635,241.211547,263.364217,35.8954276,74.18804739,57.88007209,8.569487979,53.43619396,38.2926198,16.3079753,20.75185343,655.9958466,1800.278875,2896.766479,434.0817882,725.7730626,714.7330764,655.9958466,1800.278875,2896.766479,2.744344929,4.415830517,351.2675159,481.0509642,410.3445115,1.36947182,1.168182348,0.02733,0.18571,0.01424,0.007710454,0.50925,131,0.60135,0.0005,41,1.482666667,0.622,25.482,137,237.453,198.953,41.173,36.613,74,6318.496161
42.43420833,0.011167923,0.000263182,70.34167779,337.8412631,133.7857112,55.41049287,310.0157167,109.9641048,1.360801782,42.40772917,30.91971943,267.4995853,204.0555519,227.8771584,35.57195613,72.67307647,58.1885247,9.082747426,54.0738702,37.10112034,14.48455177,18.59920627,662.0052632,1797.20914,2902.849807,399.3290515,756.2196606,618.0655374,662.0052632,1797.20914,2902.849807,2.714795849,4.384934636,342.948823,498.9908454,378.5811167,1.455000898,1.103899741,0.03032,0.19051,0.01599,0.007621155,0.49717,109,0.54063,0.000556793,34,1.642666667,0.619,21.052,119,220.212,188.375,36.661,31.931,73,4622.160987
36.828875,0.009300183,0.000252524,71.59135967,259.119619,106.7299376,15.4508446,100.9715112,104.8239705,1.092718999,36.8019375,0.855192514,187.5282593,152.3896814,154.2956484,35.70201618,68.89832737,58.01064021,8.996800942,49.46018478,33.19631118,10.88768716,19.43814258,750.5703862,1920.930957,2902.524373,520.4869413,627.2454462,686.5081592,750.5703862,1920.930957,2902.524373,2.559294893,3.867091516,403.0910457,462.8103704,447.7753735,1.148153439,1.110854181,0.01358,0.14263,0.00687,0.009363584,0.47785,59,0.4734,0.000568828,23,2.058666667,0.777,17.877,63,136.442,152.148,16.683,11.923,41,2218.42069
126.0534792,0.048711906,0.000386438,79.87573901,322.8076017,110.8735425,23.80668114,161.0322785,105.6318321,0.646459368,126.0267396,4.192062204,242.9318627,211.9340592,217.1757697,36.02299986,72.91429626,59.85297642,9.435399458,55.04906574,36.89129639,13.06131984,17.86523052,645.7147999,1793.948533,2793.947263,463.1669342,581.3619397,654.8346088,645.7147999,1793.948533,2793.947263,2.778236666,4.326906033,356.9993718,445.9832522,417.9025229,1.249255006,1.170597362,0.01719,0.16689,0.00882,0.009057866,0.35518,252,0.37378,0.000130651,101,2.368,0.626,63.221,263,208.674,196.755,23.162,15.929,195,6820.767231
99.09627083,0.04547206,0.000458868,71.91504049,356.2883319,112.5181094,25.98726493,180.6177998,106.3336001,0.694781865,99.07001042,23.81682673,284.3732914,243.7702225,249.9547318,35.45332197,73.62180197,60.59900316,9.67706788,54.43124713,38.16848,13.02279881,19.19055484,640.6218189,1812.485528,2831.554729,443.9849809,611.4198114,650.2449026,640.6218189,1812.485528,2831.554729,2.829259751,4.420009818,354.0234542,452.9140426,409.6522776,1.279333437,1.157133158,0.01803,0.15945,0.0091,0.008920645,0.36907,208,0.3913,0.000171086,82,2.816,0.631,51.751,219,239.371,199.278,26.19,15.713,156,6320.212332
67.20320833,0.027918804,0.000415439,76.32325044,391.5773544,114.7527955,30.78665314,193.7933453,107.1965095,0.713520408,67.17660417,55.80653675,315.254104,276.8245589,284.3808449,34.99595491,72.32062504,60.16885743,9.871212486,54.11319702,37.32467014,12.15176762,18.20742803,670.2276272,1836.505189,2841.762002,435.5979995,610.0033629,683.4070661,670.2276272,1836.505189,2841.762002,2.740121587,4.239995319,369.7146858,465.2129388,433.2369028,1.258302569,1.171814157,0.0187,0.16842,0.00961,0.008753152,0.37532,128,0.36589,0.000255102,43,2.805333333,0.778,33.447,142,274.572,292.265,29.23,20.904,106,3621.143684
57.71122917,0.029187401,0.000505749,74.23346982,399.8838283,119.9040926,33.54758419,194.914084,109.4215006,0.978730703,57.68373958,13.94471334,325.6503585,279.9797357,290.4623277,35.05586398,77.16393552,61.02408027,10.41428511,53.14953606,42.10807154,16.13985525,24.01439946,686.4281954,1862.984011,2848.760415,455.9109254,609.4464916,649.2054275,686.4281954,1862.984011,2848.760415,2.71402606,4.150121504,372.7213918,437.1521077,396.2756107,1.172865624,1.063195243,0.0211,0.17258,0.01088,0.008375191,0.45527,100,0.4542,0.000343053,41,2.464,0.804,32.978,112,299.927,269.779,22.234,21.619,74,3822.449973
41.40627083,0.00369888,8.93E-05,79.22481707,391.6258384,180.9933355,30.91184418,178.7273639,180.1454934,0.683760684,41.38126042,5.339126416,312.4010213,210.6325029,211.480345,35.12029468,66.228477,53.49564686,6.494104192,50.46695008,31.10818233,12.73283014,15.76152692,676.4050739,1833.428637,2908.086316,418.759107,544.7285884,626.6560704,676.4050739,1833.428637,2908.086316,2.71054832,4.299326585,289.7214251,409.1607107,378.5720854,1.412255619,1.306676181,0.01576,0.1579,0.00861,0.005518712,0.35823,108,0.39599,0.000407,39,1.706666667,0.595,23.188,116,146.863,177.232,19.347,13.35,79,3718.883122
43.38977083,0.005646605,0.000130137,73.62172782,418.9172956,190.2993248,36.45355788,229.3503159,184.7671642,0.582694414,43.36363542,87.30486518,345.2955677,228.6179708,234.1501314,34.74593715,67.20189404,55.13000823,7.262827716,51.8492738,32.45595689,12.07188581,15.35262025,651.6979648,1860.372816,2862.112388,385.6950961,553.8846688,604.0243647,651.6979648,1860.372816,2862.112388,2.854654942,4.391777391,282.2819984,394.9514114,395.1982325,1.39913779,1.400012168,0.01828,0.15879,0.0097,0.005256597,0.31211,96,0.35966,0.000365097,42,3.902885417,0.519,21.812,105,167.034,194.852,26.556,13.426,71,3420.859842
88.01929167,0.016138032,0.000183347,72.71962978,404.0356634,189.7288443,36.53075479,239.2098797,186.5732459,0.616685042,87.99402083,37.27116233,331.3160337,214.3068191,217.4624176,34.99979115,72.19443108,56.61555203,7.702058039,52.83370705,37.19463993,15.57887904,19.36072403,653.9009226,1820.526477,2835.938468,373.1497689,517.6101406,595.6440279,653.9009226,1820.526477,2835.938468,2.784101405,4.336954377,269.8598357,382.3079996,381.5924126,1.416690997,1.414039298,0.01693,0.16237,0.00895,0.005259702,0.33474,207,0.37893,0.000183756,80,6.506666667,0.568,45.407,213,203.314,291.056,25.668,17.276,142,7119.519711
45.86920833,0.006251428,0.000136288,69.83532591,399.6041303,188.802005,36.55866422,227.0780241,184.0145376,0.635033892,45.84397917,171.6988588,329.7688044,210.8021253,215.5895927,34.36518739,67.35736472,55.33020765,7.517428392,51.44221712,32.99217733,12.02715707,15.91514759,666.454242,1869.636882,2889.282569,394.2982109,552.6007364,592.1134413,666.454242,1869.636882,2889.282569,2.805349212,4.335305242,291.7169385,405.0379613,374.807804,1.388462265,1.284833873,0.01833,0.16337,0.00985,0.005291721,0.33515,108,0.38964,0.000356761,45,1.898666667,0.569,25.585,118,233.704,171.699,24.123,15.826,76,4217.590921
33.472125,0.004367069,0.000130469,72.62643315,305.8396931,182.7984988,39.10341954,257.4023126,183.4596159,0.624878523,33.4454375,117.6593848,233.2132599,123.0411942,122.3800772,35.46732959,67.67407512,55.1422039,6.966850779,52.19526968,32.20674553,12.53187122,15.47880544,649.5698862,1802.350349,2843.052159,386.9466824,517.6245773,643.0961873,649.5698862,1802.350349,2843.052159,2.774682736,4.376822601,275.5119857,381.9115795,373.2013971,1.386188621,1.35457409,0.01791,0.16169,0.00971,0.005449079,0.32626,85,0.31136,0.000485909,31,0.9760625,0.412,12.773,87,130.522,180.518,25.855,17.64,54,3319.264269
38.0520625,0.007072026,0.000185851,73.62570356,399.7189126,186.9577731,47.90275752,305.7856128,186.9253763,0.604219409,38.02603125,51.8923205,326.0932091,212.7611396,212.7935363,32.16494176,71.25441986,56.67415883,7.889769396,51.54118394,39.08947811,14.58026104,19.71323592,648.2254023,1760.983915,2843.223189,469.1481352,579.9281121,759.4736143,648.2254023,1760.983915,2843.223189,2.716622811,4.38616441,340.9401163,445.605563,447.6482718,1.306990705,1.312982106,0.01713,0.14898,0.00882,0.005354217,0.33588,91,0.37381,0.000421941,26,6.432,0.991,25.767,94,209.242,209.544,28.067,29.103,59,3520.75157
26.38785417,0.00397102,0.000150487,76.00506638,391.7386511,173.6480938,42.4894944,268.0212623,179.8471454,0.694533762,26.36267708,136.2871781,315.7335847,218.0905573,211.8915057,33.37673124,73.50286571,55.76235767,6.98030665,51.99133167,40.12613447,17.74050804,21.51153404,667.2961581,1707.674829,2847.990779,421.1362243,554.3454714,707.4978592,667.2961581,1707.674829,2847.990779,2.55909585,4.267956206,339.7170347,443.6412049,421.6914503,1.305913921,1.241302046,0.02073,0.15959,0.01099,0.005735619,0.35901,72,0.40051,0.000643087,23,3.273927083,0.7,16.106,72,136.287,112.869,23.044,27.545,39,3316.859796
62.14535417,0.01839617,0.000296018,68.88717257,306.1012563,176.4447249,46.35497675,236.5519979,182.5965841,1.257724464,62.11955208,35.46037379,237.2140837,129.6565313,123.5046722,32.50893816,77.42913515,58.6971281,8.605991307,50.47917586,44.92019698,18.73200705,26.94995929,660.263883,1764.711954,2843.993689,470.0758637,588.5311608,731.1322064,660.263883,1764.711954,2843.993689,2.67273737,4.307359166,343.6609558,426.5248061,437.5461962,1.241120933,1.273191466,0.01677,0.15922,0.00858,0.005642332,0.48672,182,0.55104,0.000363504,26,10.144,1.978,51.424,190,153.721,141.321,22.809,24.711,104,8623.99097
33.65408333,0.00704991,0.000209482,75.10083625,252.4447652,180.4471331,32.50286028,253.8796677,183.9142435,0.625725338,33.62704167,7.620831194,177.3439289,71.99763207,68.53052171,32.80613999,71.93118472,57.19939909,7.663411181,52.72732408,39.12504473,14.73178563,19.20386065,662.8325334,1702.18925,2749.571328,445.2515609,559.3713284,699.5855973,662.8325334,1702.18925,2749.571328,2.568053264,4.148214201,333.6569372,408.0514148,465.6278593,1.222966974,1.395528782,0.01825,0.15786,0.00947,0.005511976,0.34414,76,0.34367,0.000483559,31,1.429333333,0.667,20.678,76,139.782,143.667,23.489,28.336,40,3619.966816
19.31285417,0.003536954,0.00018314,74.91329252,281.7284085,187.5357387,33.22219897,266.3125157,187.1241554,0.839694656,19.28767708,85.4898545,206.815116,94.19266978,94.60425309,35.00664101,68.69521433,56.62054115,7.863033055,50.57115859,33.68857332,12.07467317,18.12405574,647.8150073,1824.662368,2806.306392,515.3039385,584.7460086,810.7725491,647.8150073,1824.662368,2806.306392,2.81664109,4.331956439,388.5889123,393.3559031,468.5513867,1.012267439,1.205776521,0.01998,0.13936,0.01053,0.005317706,0.40093,40,0.31846,0.000954198,14,1.685333333,0.562,7.872,42,125.024,135.288,30.626,25.491,25,1718.934173
38.46991667,0.001060738,2.76E-05,78.10851986,326.1585342,180.6832567,41.01344273,221.8622081,189.7443433,0.697438163,38.44433333,1.620321112,248.0500144,145.4752776,136.4141909,32.81847393,60.21223028,48.39224514,5.818512884,46.07790664,27.39375635,11.81998515,14.13432365,606.0058357,1920.104602,2898.398355,434.1000439,673.5066601,846.5672797,606.0058357,1920.104602,2898.398355,3.16845893,4.782789511,346.5129369,344.9173557,413.9297946,0.99539532,1.194557982,0.01963,0.16927,0.01063,0.005521595,0.34895,98,0.41542,0.000441696,35,1.322666667,0.49,17.152,96,144.54,110.573,26.913,14.101,67,299.4154971
47.17477083,0.001233779,2.62E-05,75.59093035,302.2872462,183.7259241,37.43705681,231.0400812,190.8877354,1.235182551,47.14676042,3.013265796,226.6963159,118.5613222,111.3995108,31.28963845,61.55491691,48.16183056,6.69092687,42.84229826,30.26527846,13.39308635,18.71261865,660.9589693,1912.330452,2991.69798,547.3639787,718.2721055,821.7407598,660.9589693,1912.330452,2991.69798,2.893266512,4.526299088,394.7641859,391.0376482,414.7989878,0.990560092,1.050751316,0.02385,0.16203,0.01289,0.005423847,0.49109,99,0.50115,0.000474158,28,2.634666667,0.691,19.355,102,162.558,195.444,29.42,19.559,69,337.6994004
90.41833333,0.003580069,3.96E-05,71.71056686,287.9830111,183.8298744,39.61572325,246.4382523,191.3658108,1.031467746,90.39041667,6.600369047,216.2724442,104.1531367,96.61720029,31.16713442,63.55268174,49.95969888,6.895613939,45.04376602,32.38554732,13.59298286,18.50891572,611.8546877,1882.228381,0,495.9322326,679.467733,0,611.8546877,1882.228381,2928.024184,3.076266994,4.7854895,369.9939018,395.2483673,427.4485552,1.068256437,1.155285406,0.02249,0.16975,0.01201,0.005425176,0.4501,184,0.49624,0.00022477,64,3.104,0.772,49.419,197,167.12,149.937,33.591,20.262,124,738.4454086
49.70202083,0.001593732,3.21E-05,77.37827217,362.9151999,180.0162094,43.13064362,320.4802341,187.4846329,0.944792482,49.67601042,100.3216283,285.5369277,182.8989904,175.4305669,32.59183906,63.60335309,49.04593119,6.309804566,45.79955574,31.01151403,14.5574219,17.80379734,604.7736075,1847.537999,2914.074031,441.4188826,689.3538013,799.3094138,604.7736075,1847.537999,2914.074031,3.054924978,4.818454368,324.8095104,404.1614258,398.9913267,1.244302931,1.228385604,0.02252,0.17497,0.01192,0.005525835,0.41997,133,0.48386,0.000391543,42,2.261333333,0.58,24.371,143,209.911,217.525,33.293,26.386,90,538.3237535
29.48425,0.000619299,2.10E-05,72.91970142,382.5064945,177.5252595,44.21203993,225.9539131,187.6004109,1.653153153,29.45775,167.572918,309.5867931,204.981235,194.9060837,31.29083833,58.96091851,47.2130079,5.499629912,43.27675672,27.67008018,11.74791062,15.68416179,622.7138036,1931.586351,2965.675766,541.601773,631.783049,872.5307115,622.7138036,1931.586351,2965.675766,3.101884589,4.76250205,365.3680763,364.7565666,397.8038118,0.998326319,1.088775505,0.0229,0.18244,0.01241,0.005617624,0.53073,55,0.56253,0.000900901,16,3.931458333,0.943,15.089,55,248.875,160.838,35.193,17.761,37,187.9730619
33.21720833,0.003802327,0.000114469,75.52939143,422.4457744,191.7995608,42.61597859,200.5090646,187.7734474,1.748964374,33.18985417,200.6343785,346.916383,230.6462136,234.672327,34.09222423,71.15223392,54.57393824,7.203918392,47.76861797,37.06000969,16.57829568,23.38361595,714.2994876,2043.725758,3059.243082,580.0952996,606.5776945,728.470091,714.2994876,2043.725758,3059.243082,2.861160891,4.28285773,382.7276309,338.1351261,377.9491921,0.883487626,0.98751478,0.02117,0.14415,0.01125,0.005200127,0.54189,81,0.61397,0.0008285,26,3.184604167,0.87,22.619,82,235.099,200.634,21.407,18.958,46,3616.550571
58.73189583,0.010100286,0.000171973,75.08438329,325.2266418,177.8537153,44.54997759,290.1714255,180.7969727,0.76329228,58.70657292,140.4925458,250.1422585,147.3729264,144.4296691,34.99681286,70.69639546,56.33806941,6.963295889,51.84181722,35.69958259,14.35832605,18.85457824,650.1046011,1956.758707,2989.517945,471.9908707,619.9102899,718.2901735,650.1046011,1956.758707,2989.517945,3.00991364,4.598518361,356.4249754,393.2164848,394.4027414,1.103223713,1.106551921,0.02445,0.16317,0.01275,0.00560704,0.37785,151,0.41127,0.000300391,60,1.450666667,0.561,33.681,155,226.37,230.93,31.59,23.137,92,6318.320144
48.86302083,0.015351294,0.00031417,73.06014448,385.5613039,201.4677926,43.30444555,255.7944943,194.3155963,0.737104233,48.83776042,290.9612532,312.5011594,184.0935113,191.2457076,34.65600112,76.12569401,58.95650195,7.979073509,53.84795659,41.46969289,17.16919206,22.27773742,687.387878,1983.357863,3028.700949,463.9789934,622.6119469,706.1848898,687.387878,1983.357863,3028.700949,2.885354727,4.406101774,375.021214,428.8361795,419.0886565,1.143498457,1.117506532,0.02113,0.15428,0.01118,0.004961439,0.38194,107,0.42041,0.000355745,42,2.698666667,0.68,28.549,115,290.961,173.495,27.971,21.072,70,4521.483734
56.80625,0.023376135,0.000411506,74.35165483,396.9767303,192.3362239,51.21267709,233.3081981,185.141988,0.83781159,56.78125,89.23207866,322.6250754,204.6405064,211.8347422,35.83772765,76.02033336,60.1284928,7.764629927,54.91876095,40.18260571,15.89184056,21.1015724,713.8694388,1960.965098,2978.165782,454.0615805,580.5325792,697.683096,713.8694388,1960.965098,2978.165782,2.746952021,4.171863397,385.496016,406.7489182,413.6702975,1.055131315,1.073085792,0.01955,0.16535,0.0103,0.005195684,0.40532,136,0.42853,0.000323729,52,2.378666667,0.631,32.821,142,185.203,173.794,25.012,17.314,84,5825.880848
16.36791667,0.004937905,0.000301682,79.42926928,394.5690053,198.1752936,38.42101637,229.9991332,189.9928824,0.76349892,16.34020833,97.92067384,315.139736,196.3937117,204.5761229,33.75171496,73.30245227,58.7911811,9.002264997,54.89860708,39.55073732,14.51127118,18.4038452,684.8657583,1906.754374,2999.750632,439.5870778,653.8884081,683.330942,684.8657583,1906.754374,2999.750632,2.784128642,4.380056376,347.3564389,413.4827455,370.2320013,1.190370177,1.065856164,0.01896,0.14671,0.00992,0.005040391,0.39008,36,0.4082,0.001079914,18,0.896,0.373,6.72,35,210.733,220.537,24.849,22.218,19,1622.490328
77.65541667,0.00787277,0.000101381,71.6812214,400.4859444,166.4550907,42.75753182,197.0150975,166.9505098,1.219616814,77.62770833,34.49651255,328.804723,234.0308537,233.5354346,34.22940393,70.34223375,54.04154547,7.320954718,49.67609966,36.11282983,16.30068828,20.6661341,662.3966937,1821.927691,2868.357343,478.4201681,563.9791351,636.6581163,662.3966937,1821.927691,2868.357343,2.750508432,4.330271226,325.9661447,402.4578256,396.0367855,1.234661428,1.21496294,0.01877,0.16421,0.00988,0.006004709,0.49626,176,0.55097,0.000285959,59,3.104,0.639,37.713,179,265.721,257.52,26.613,23.164,92,8717.803853
108.5410625,0.016316371,0.000150324,65.94406969,399.8688753,167.5297216,44.33921677,249.9525117,168.6012159,0.908035871,108.5142813,6.700643424,333.9248056,232.3391537,231.2676594,33.49876956,69.93278895,55.75263836,7.585269944,52.04494013,36.43401939,14.18015059,17.88784882,644.1127435,1833.78099,2834.732894,405.2401241,505.7967473,563.6337656,644.1127435,1833.78099,2834.732894,2.846987594,4.400988682,335.6754836,387.3193755,370.2102722,1.153850652,1.102881474,0.02215,0.1649,0.01198,0.005965334,0.40586,265,0.46729,0.00017584,102,2.346666667,0.537,54.74,278,237.491,240.163,26.821,23.52,149,12918.16468
100.5760417,0.015174624,0.000150877,67.46078946,417.6743382,169.9552813,41.46979455,231.9951321,169.6573075,0.995633188,100.5505208,178.2952063,350.2135487,247.7190569,248.0170306,33.7429747,71.8791555,55.76860795,7.844352765,50.93295868,38.1361808,16.11054755,20.94619682,643.2190642,1841.306465,2855.275413,425.9848372,527.6468085,581.2208637,643.2190642,1841.306465,2855.275413,2.862642866,4.439040401,363.4396276,417.1758197,416.6198595,1.147854521,1.146324803,0.02053,0.15978,0.01072,0.005878939,0.41496,258,0.48072,0.000198491,95,2.112,0.575,54.667,269,207.239,180.786,26.387,22.123,145,12417.20932
75.43202083,0.012225444,0.000162072,71.09080985,399.9359317,178.6747907,46.07359351,227.9920823,171.9132962,1.011202987,75.40663542,109.6224694,328.8451219,221.261141,228.0226356,33.51745366,69.95983027,56.07970064,8.447027173,51.37127089,36.4423766,13.88012963,18.58855938,639.2575176,1821.871248,2838.341306,431.346937,539.2811432,560.9155008,639.2575176,1821.871248,2838.341306,2.849980168,4.440059332,315.5614153,384.4992613,347.6349944,1.218460948,1.101639737,0.01872,0.15155,0.00977,0.005589416,0.44523,164,0.50778,0.000266738,64,2.816,0.667,42.667,173,293.01,264.842,30.857,22.934,97,7621.335065
67.36695833,0.007829756,0.000116225,70.3967153,398.8670819,171.5224164,38.34329941,246.3049065,169.4744912,0.853799559,67.33972917,11.73385735,328.4703666,227.3446655,229.3925907,33.99594719,68.79871861,54.63689515,7.72163793,50.53448461,34.80277141,14.16182346,18.264234,622.6404442,1827.656727,2827.495784,399.4219534,536.6058997,578.3637892,622.6404442,1827.656727,2827.495784,2.935332493,4.541137362,305.4112298,382.5494991,352.0708363,1.252571817,1.152776329,0.02151,0.16301,0.01127,0.005830171,0.38438,169,0.45255,0.00027533,59,2.528,0.557,32.853,179,256.742,323.517,26.73,20.137,109,7017.602946
46.72983333,0.003127386,6.69E-05,78.76795817,354.6130711,210.6933077,39.30248642,188.7441908,204.713031,1.364050633,46.70241667,58.05729498,275.8451129,143.9197633,149.9000401,32.98597052,67.35918329,52.24047561,6.934041476,47.5049629,34.37321277,15.11870767,19.85422039,709.962947,1913.481492,3015.238625,551.8639084,602.4709813,651.3136983,709.962947,1913.481492,3015.238625,2.695185009,4.247036606,358.1922071,402.723594,380.1914363,1.124322601,1.061417386,0.02021,0.17594,0.01094,0.004734627,0.53245,94,0.51573,0.000506329,35,2.730666667,0.613,21.472,102,219.761,241.937,24.517,17.836,69,3313.617226
129.708,0.016118558,0.000124268,84.04902722,388.4284611,217.9152813,34.25641295,153.0611652,209.5626832,1.546043589,129.682125,2.85747245,304.3794338,170.5131798,178.8657779,33.27577828,72.09368077,54.9256049,7.184343475,50.63991041,38.81790249,17.16807587,21.45377037,626.5594702,1879.561473,2940.47123,411.3470236,539.4183253,588.5066068,626.5594702,1879.561473,2940.47123,2.999813365,4.693044108,303.9513709,381.4220206,347.9418597,1.254878435,1.144728707,0.01455,0.15,0.00762,0.004588568,0.54608,331,0.58501,0.000196348,120,4.629333333,0.621,74.485,360,179.404,189.94,17.926,10.236,241,11918.7624
155.9116458,0.025945321,0.00016641,75.45887986,417.1707084,218.7297122,43.01798062,248.4621037,210.5677335,0.82039005,155.8839479,107.6313029,341.7118285,198.4409962,206.6029749,33.90331595,72.97859014,56.19346697,7.996705498,51.49718501,39.07527419,16.78512317,21.48140513,668.6056043,1870.684923,2976.191485,447.5687068,562.488824,606.062463,668.6056043,1870.684923,2976.191485,2.797889984,4.451340919,330.4986368,405.0245717,353.0127421,1.225495438,1.068121628,0.02165,0.17017,0.01151,0.004570775,0.41301,361,0.44736,0.000116782,128,4.842666667,0.686,87.749,372,293.597,275.506,25.561,17.031,243,12922.45682
84.72510417,0.015407455,0.000181852,78.71812514,399.9724392,221.7472459,43.60714604,257.140684,213.6013991,0.810776139,84.70005208,32.26008395,321.2543141,178.2251934,186.3710402,32.86545321,72.89646845,56.5796964,8.450036358,51.93891445,40.03101525,16.31677206,20.957554,658.9705967,1871.993659,2953.454796,451.53147,555.5527672,620.1562441,658.9705967,1871.993659,2953.454796,2.840784806,4.481921972,318.3963045,392.053469,355.8868405,1.231338001,1.117748025,0.02065,0.15882,0.0111,0.004505755,0.41504,177,0.43368,0.000213812,65,4.224,0.718,46.667,182,203.019,258.335,31.3,23.005,116,6623.004226
